{
	"sources" : 
	[
		{
			"file" : "/Users/mdahal01/Documents/GitHub/micropythonDeepsleep/ports/esp32/build-ESP32_GENERIC_C6/CMakeFiles/bootloader"
		},
		{
			"file" : "/Users/mdahal01/Documents/GitHub/micropythonDeepsleep/ports/esp32/build-ESP32_GENERIC_C6/CMakeFiles/bootloader.rule"
		},
		{
			"file" : "/Users/mdahal01/Documents/GitHub/micropythonDeepsleep/ports/esp32/build-ESP32_GENERIC_C6/CMakeFiles/bootloader-complete.rule"
		},
		{
			"file" : "/Users/mdahal01/Documents/GitHub/micropythonDeepsleep/ports/esp32/build-ESP32_GENERIC_C6/bootloader-prefix/src/bootloader-stamp/bootloader-build.rule"
		},
		{
			"file" : "/Users/mdahal01/Documents/GitHub/micropythonDeepsleep/ports/esp32/build-ESP32_GENERIC_C6/bootloader-prefix/src/bootloader-stamp/bootloader-configure.rule"
		},
		{
			"file" : "/Users/mdahal01/Documents/GitHub/micropythonDeepsleep/ports/esp32/build-ESP32_GENERIC_C6/bootloader-prefix/src/bootloader-stamp/bootloader-download.rule"
		},
		{
			"file" : "/Users/mdahal01/Documents/GitHub/micropythonDeepsleep/ports/esp32/build-ESP32_GENERIC_C6/bootloader-prefix/src/bootloader-stamp/bootloader-install.rule"
		},
		{
			"file" : "/Users/mdahal01/Documents/GitHub/micropythonDeepsleep/ports/esp32/build-ESP32_GENERIC_C6/bootloader-prefix/src/bootloader-stamp/bootloader-mkdir.rule"
		},
		{
			"file" : "/Users/mdahal01/Documents/GitHub/micropythonDeepsleep/ports/esp32/build-ESP32_GENERIC_C6/bootloader-prefix/src/bootloader-stamp/bootloader-patch.rule"
		},
		{
			"file" : "/Users/mdahal01/Documents/GitHub/micropythonDeepsleep/ports/esp32/build-ESP32_GENERIC_C6/bootloader-prefix/src/bootloader-stamp/bootloader-update.rule"
		}
	],
	"target" : 
	{
		"labels" : 
		[
			"bootloader"
		],
		"name" : "bootloader"
	}
}